geoname_id,locale_code,continent_code,continent_name,country_iso_code,country_name
49518,en,AF,Africa,RW,Rwanda
51537,en,AF,Africa,SO,Somalia
69543,en,AS,Asia,YE,Yemen
99237,en,AS,Asia,IQ,Iraq
102358,en,AS,Asia,SA,"Saudi Arabia"
130758,en,AS,Asia,IR,Iran
146669,en,EU,Europe,CY,Cyprus
149590,en,AF,Africa,TZ,Tanzania
163843,en,AS,Asia,SY,Syria
174982,en,AS,Asia,AM,Armenia
192950,en,AF,Africa,KE,Kenya
203312,en,AF,Africa,CD,Congo
223816,en,AF,Africa,DJ,Djibouti
226074,en,AF,Africa,UG,Uganda
239880,en,AF,Africa,CF,"Central African Republic"
241170,en,AF,Africa,SC,Seychelles
248816,en,AS,Asia,JO,"Hashemite Kingdom of Jordan"
272103,en,AS,Asia,LB,Lebanon
285570,en,AS,Asia,KW,Kuwait
286963,en,AS,Asia,OM,Oman
289688,en,AS,Asia,QA,Qatar
290291,en,AS,Asia,BH,Bahrain
290557,en,AS,Asia,AE,"United Arab Emirates"
294640,en,AS,Asia,IL,Israel
298795,en,AS,Asia,TR,Turkey
337996,en,AF,Africa,ET,Ethiopia
338010,en,AF,Africa,ER,Eritrea
357994,en,AF,Africa,EG,Egypt
366755,en,AF,Africa,SD,Sudan
390903,en,EU,Europe,GR,Greece
433561,en,AF,Africa,BI,Burundi
453733,en,EU,Europe,EE,Estonia
458258,en,EU,Europe,LV,Latvia
587116,en,AS,Asia,AZ,Azerbaijan
597427,en,EU,Europe,LT,"Republic of Lithuania"
607072,en,EU,Europe,SJ,"Svalbard and Jan Mayen"
614540,en,AS,Asia,GE,Georgia
617790,en,EU,Europe,MD,"Republic of Moldova"
630336,en,EU,Europe,BY,Belarus
660013,en,EU,Europe,FI,Finland
661882,en,EU,Europe,AX,"Åland"
690791,en,EU,Europe,UA,Ukraine
718075,en,EU,Europe,MK,Macedonia
719819,en,EU,Europe,HU,Hungary
732800,en,EU,Europe,BG,Bulgaria
783754,en,EU,Europe,AL,Albania
798544,en,EU,Europe,PL,Poland
798549,en,EU,Europe,RO,Romania
831053,en,EU,Europe,XK,Kosovo
878675,en,AF,Africa,ZW,Zimbabwe
895949,en,AF,Africa,ZM,Zambia
921929,en,AF,Africa,KM,Comoros
927384,en,AF,Africa,MW,Malawi
932692,en,AF,Africa,LS,Lesotho
933860,en,AF,Africa,BW,Botswana
934292,en,AF,Africa,MU,Mauritius
934841,en,AF,Africa,SZ,Swaziland
935317,en,AF,Africa,RE,Réunion
953987,en,AF,Africa,ZA,"South Africa"
1024031,en,AF,Africa,YT,Mayotte
1036973,en,AF,Africa,MZ,Mozambique
1062947,en,AF,Africa,MG,Madagascar
1149361,en,AS,Asia,AF,Afghanistan
1168579,en,AS,Asia,PK,Pakistan
1210997,en,AS,Asia,BD,Bangladesh
1218197,en,AS,Asia,TM,Turkmenistan
1220409,en,AS,Asia,TJ,Tajikistan
1227603,en,AS,Asia,LK,"Sri Lanka"
1252634,en,AS,Asia,BT,Bhutan
1269750,en,AS,Asia,IN,India
1282028,en,AS,Asia,MV,Maldives
1282588,en,AS,Asia,IO,"British Indian Ocean Territory"
1282988,en,AS,Asia,NP,Nepal
1327865,en,AS,Asia,MM,"Myanmar [Burma]"
1512440,en,AS,Asia,UZ,Uzbekistan
1522867,en,AS,Asia,KZ,Kazakhstan
1527747,en,AS,Asia,KG,Kyrgyzstan
1546748,en,AN,Antarctica,TF,"French Southern Territories"
1547376,en,AS,Asia,CC,"Cocos [Keeling] Islands"
1559582,en,OC,Oceania,PW,Palau
1562822,en,AS,Asia,VN,Vietnam
1605651,en,AS,Asia,TH,Thailand
1643084,en,AS,Asia,ID,Indonesia
1655842,en,AS,Asia,LA,Laos
1668284,en,AS,Asia,TW,Taiwan
1694008,en,AS,Asia,PH,Philippines
1733045,en,AS,Asia,MY,Malaysia
1814991,en,AS,Asia,CN,China
1819730,en,AS,Asia,HK,"Hong Kong"
1820814,en,AS,Asia,BN,Brunei
1821275,en,AS,Asia,MO,Macao
1831722,en,AS,Asia,KH,Cambodia
1835841,en,AS,Asia,KR,"Republic of Korea"
1861060,en,AS,Asia,JP,Japan
1873107,en,AS,Asia,KP,"North Korea"
1880251,en,AS,Asia,SG,Singapore
1899402,en,OC,Oceania,CK,"Cook Islands"
1966436,en,OC,Oceania,TL,"East Timor"
2017370,en,EU,Europe,RU,Russia
2029969,en,AS,Asia,MN,Mongolia
2077456,en,OC,Oceania,AU,Australia
2078138,en,AS,Asia,CX,"Christmas Island"
2080185,en,OC,Oceania,MH,"Marshall Islands"
2081918,en,OC,Oceania,FM,"Federated States of Micronesia"
2088628,en,OC,Oceania,PG,"Papua New Guinea"
2103350,en,OC,Oceania,SB,"Solomon Islands"
2110297,en,OC,Oceania,TV,Tuvalu
2110425,en,OC,Oceania,NR,Nauru
2134431,en,OC,Oceania,VU,Vanuatu
2139685,en,OC,Oceania,NC,"New Caledonia"
2155115,en,OC,Oceania,NF,"Norfolk Island"
2186224,en,OC,Oceania,NZ,"New Zealand"
2205218,en,OC,Oceania,FJ,Fiji
2215636,en,AF,Africa,LY,Libya
2233387,en,AF,Africa,CM,Cameroon
2245662,en,AF,Africa,SN,Senegal
2260494,en,AF,Africa,CG,"Republic of the Congo"
2264397,en,EU,Europe,PT,Portugal
2275384,en,AF,Africa,LR,Liberia
2287781,en,AF,Africa,CI,"Ivory Coast"
2300660,en,AF,Africa,GH,Ghana
2309096,en,AF,Africa,GQ,"Equatorial Guinea"
2328926,en,AF,Africa,NG,Nigeria
2361809,en,AF,Africa,BF,"Burkina Faso"
2363686,en,AF,Africa,TG,Togo
2372248,en,AF,Africa,GW,Guinea-Bissau
2378080,en,AF,Africa,MR,Mauritania
2395170,en,AF,Africa,BJ,Benin
2400553,en,AF,Africa,GA,Gabon
2403846,en,AF,Africa,SL,"Sierra Leone"
2410758,en,AF,Africa,ST,"São Tomé and Príncipe"
2411586,en,EU,Europe,GI,Gibraltar
2413451,en,AF,Africa,GM,Gambia
2420477,en,AF,Africa,GN,Guinea
2434508,en,AF,Africa,TD,Chad
2440476,en,AF,Africa,NE,Niger
2453866,en,AF,Africa,ML,Mali
2464461,en,AF,Africa,TN,Tunisia
2510769,en,EU,Europe,ES,Spain
2542007,en,AF,Africa,MA,Morocco
2562770,en,EU,Europe,MT,Malta
2589581,en,AF,Africa,DZ,Algeria
2622320,en,EU,Europe,FO,"Faroe Islands"
2623032,en,EU,Europe,DK,Denmark
2629691,en,EU,Europe,IS,Iceland
2635167,en,EU,Europe,GB,"United Kingdom"
2658434,en,EU,Europe,CH,Switzerland
2661886,en,EU,Europe,SE,Sweden
2750405,en,EU,Europe,NL,Netherlands
2782113,en,EU,Europe,AT,Austria
2802361,en,EU,Europe,BE,Belgium
2921044,en,EU,Europe,DE,Germany
2960313,en,EU,Europe,LU,Luxembourg
2963597,en,EU,Europe,IE,Ireland
2993457,en,EU,Europe,MC,Monaco
3017382,en,EU,Europe,FR,France
3041565,en,EU,Europe,AD,Andorra
3042058,en,EU,Europe,LI,Liechtenstein
3042142,en,EU,Europe,JE,Jersey
3042225,en,EU,Europe,IM,"Isle of Man"
3042362,en,EU,Europe,GG,Guernsey
3057568,en,EU,Europe,SK,"Slovak Republic"
3077311,en,EU,Europe,CZ,Czechia
3144096,en,EU,Europe,NO,Norway
3164670,en,EU,Europe,VA,"Vatican City"
3168068,en,EU,Europe,SM,"San Marino"
3175395,en,EU,Europe,IT,Italy
3190538,en,EU,Europe,SI,Slovenia
3194884,en,EU,Europe,ME,Montenegro
3202326,en,EU,Europe,HR,Croatia
3277605,en,EU,Europe,BA,"Bosnia and Herzegovina"
3351879,en,AF,Africa,AO,Angola
3355338,en,AF,Africa,NA,Namibia
3370751,en,AF,Africa,SH,"Saint Helena"
3374084,en,NA,"North America",BB,Barbados
3374766,en,AF,Africa,CV,"Cape Verde"
3378535,en,SA,"South America",GY,Guyana
3381670,en,SA,"South America",GF,"French Guiana"
3382998,en,SA,"South America",SR,Suriname
3424932,en,NA,"North America",PM,"Saint Pierre and Miquelon"
3425505,en,NA,"North America",GL,Greenland
3437598,en,SA,"South America",PY,Paraguay
3439705,en,SA,"South America",UY,Uruguay
3469034,en,SA,"South America",BR,Brazil
3474414,en,SA,"South America",FK,"Falkland Islands"
3474415,en,AN,Antarctica,GS,"South Georgia and the South Sandwich Islands"
3489940,en,NA,"North America",JM,Jamaica
3508796,en,NA,"North America",DO,"Dominican Republic"
3562981,en,NA,"North America",CU,Cuba
3570311,en,NA,"North America",MQ,Martinique
3572887,en,NA,"North America",BS,Bahamas
3573345,en,NA,"North America",BM,Bermuda
3573511,en,NA,"North America",AI,Anguilla
3573591,en,NA,"North America",TT,"Trinidad and Tobago"
3575174,en,NA,"North America",KN,"Saint Kitts and Nevis"
3575830,en,NA,"North America",DM,Dominica
3576396,en,NA,"North America",AG,"Antigua and Barbuda"
3576468,en,NA,"North America",LC,"Saint Lucia"
3576916,en,NA,"North America",TC,"Turks and Caicos Islands"
3577279,en,NA,"North America",AW,Aruba
3577718,en,NA,"North America",VG,"British Virgin Islands"
3577815,en,NA,"North America",VC,"Saint Vincent and the Grenadines"
3578097,en,NA,"North America",MS,Montserrat
3578421,en,NA,"North America",MF,"Saint Martin"
3578476,en,NA,"North America",BL,Saint-Barthélemy
3579143,en,NA,"North America",GP,Guadeloupe
3580239,en,NA,"North America",GD,Grenada
3580718,en,NA,"North America",KY,"Cayman Islands"
3582678,en,NA,"North America",BZ,Belize
3585968,en,NA,"North America",SV,"El Salvador"
3595528,en,NA,"North America",GT,Guatemala
3608932,en,NA,"North America",HN,Honduras
3617476,en,NA,"North America",NI,Nicaragua
3624060,en,NA,"North America",CR,"Costa Rica"
3625428,en,SA,"South America",VE,Venezuela
3658394,en,SA,"South America",EC,Ecuador
3686110,en,SA,"South America",CO,Colombia
3703430,en,NA,"North America",PA,Panama
3723988,en,NA,"North America",HT,Haiti
3865483,en,SA,"South America",AR,Argentina
3895114,en,SA,"South America",CL,Chile
3923057,en,SA,"South America",BO,Bolivia
3932488,en,SA,"South America",PE,Peru
3996063,en,NA,"North America",MX,Mexico
4030656,en,OC,Oceania,PF,"French Polynesia"
4030699,en,OC,Oceania,PN,"Pitcairn Islands"
4030945,en,OC,Oceania,KI,Kiribati
4031074,en,OC,Oceania,TK,Tokelau
4032283,en,OC,Oceania,TO,Tonga
4034749,en,OC,Oceania,WF,"Wallis and Futuna"
4034894,en,OC,Oceania,WS,Samoa
4036232,en,OC,Oceania,NU,Niue
4041468,en,OC,Oceania,MP,"Northern Mariana Islands"
4043988,en,OC,Oceania,GU,Guam
4566966,en,NA,"North America",PR,"Puerto Rico"
4796775,en,NA,"North America",VI,"U.S. Virgin Islands"
5854968,en,OC,Oceania,UM,"U.S. Minor Outlying Islands"
5880801,en,OC,Oceania,AS,"American Samoa"
6251999,en,NA,"North America",CA,Canada
6252001,en,NA,"North America",US,"United States"
6254930,en,AS,Asia,PS,Palestine
6255147,en,AS,Asia,,
6255148,en,EU,Europe,,
6290252,en,EU,Europe,RS,Serbia
6697173,en,AN,Antarctica,AQ,Antarctica
7609695,en,NA,"North America",SX,"Sint Maarten"
7626836,en,NA,"North America",CW,Curaçao
7626844,en,NA,"North America",BQ,"Bonaire, Sint Eustatius, and Saba"
7909807,en,AF,Africa,SS,"South Sudan"
